# Escola #1
INSERT INTO endereco (estado, cidade, bairro, rua, numero) VALUES ("PE", "Recife", "Água Fria", "Rua Mercúrio", "142");
INSERT INTO escola (cnpjEscola, idEndereco, nomeEscola) VALUES ("11.815.372/0001-92", 1, "Escola Kieza Franco");
INSERT INTO telefone (dddTelefone, numeroTelefone, cnpjEscola) VALUES (81, 49180355, "11.815.372/0001-92");

# Turma #1
INSERT INTO turno (inicioTurno, finalTurno) VALUES ('2023-02-4 16:20:00', '2023-11-13 19:12:00');
INSERT INTO turma (cnpjEscola, idTurno, sala) VALUES ("11.815.372/0001-92", 1, "U7");

# Turma #2
INSERT INTO turno (inicioTurno, finalTurno) VALUES ('2023-02-4 15:18:00', '2023-11-25 19:19:00');
INSERT INTO turma (cnpjEscola, idTurno, sala) VALUES ("11.815.372/0001-92", 2, "T1");

# Turma #3
INSERT INTO turno (inicioTurno, finalTurno) VALUES ('2023-02-4 19:19:00', '2023-11-23 19:27:00');
INSERT INTO turma (cnpjEscola, idTurno, sala) VALUES ("11.815.372/0001-92", 3, "Q2");

# Turma #4
INSERT INTO turno (inicioTurno, finalTurno) VALUES ('2023-02-6 16:19:00', '2023-11-15 19:17:00');
INSERT INTO turma (cnpjEscola, idTurno, sala) VALUES ("11.815.372/0001-92", 4, "C8");

# Turma #5
INSERT INTO turno (inicioTurno, finalTurno) VALUES ('2023-02-4 17:17:00', '2023-11-12 19:20:00');
INSERT INTO turma (cnpjEscola, idTurno, sala) VALUES ("11.815.372/0001-92", 5, "E2");

# Turma #6
INSERT INTO turno (inicioTurno, finalTurno) VALUES ('2023-02-3 14:25:00', '2023-11-18 19:22:00');
INSERT INTO turma (cnpjEscola, idTurno, sala) VALUES ("11.815.372/0001-92", 6, "Y4");

# Turma #7
INSERT INTO turno (inicioTurno, finalTurno) VALUES ('2023-02-5 15:19:00', '2023-11-22 19:10:00');
INSERT INTO turma (cnpjEscola, idTurno, sala) VALUES ("11.815.372/0001-92", 7, "I9");

# Turma #8
INSERT INTO turno (inicioTurno, finalTurno) VALUES ('2023-02-5 18:27:00', '2023-11-11 19:15:00');
INSERT INTO turma (cnpjEscola, idTurno, sala) VALUES ("11.815.372/0001-92", 8, "B5");

# Turma #9
INSERT INTO turno (inicioTurno, finalTurno) VALUES ('2023-02-6 14:21:00', '2023-11-19 19:12:00');
INSERT INTO turma (cnpjEscola, idTurno, sala) VALUES ("11.815.372/0001-92", 9, "R6");

# Turma #10
INSERT INTO turno (inicioTurno, finalTurno) VALUES ('2023-02-5 19:10:00', '2023-11-23 19:12:00');
INSERT INTO turma (cnpjEscola, idTurno, sala) VALUES ("11.815.372/0001-92", 10, "O5");

# Turma #11
INSERT INTO turno (inicioTurno, finalTurno) VALUES ('2023-02-5 16:23:00', '2023-11-13 19:21:00');
INSERT INTO turma (cnpjEscola, idTurno, sala) VALUES ("11.815.372/0001-92", 11, "R2");

# Turma #12
INSERT INTO turno (inicioTurno, finalTurno) VALUES ('2023-02-4 18:12:00', '2023-11-11 19:26:00');
INSERT INTO turma (cnpjEscola, idTurno, sala) VALUES ("11.815.372/0001-92", 12, "Z6");

# Turma #13
INSERT INTO turno (inicioTurno, finalTurno) VALUES ('2023-02-6 14:20:00', '2023-11-11 19:28:00');
INSERT INTO turma (cnpjEscola, idTurno, sala) VALUES ("11.815.372/0001-92", 13, "G2");

# Turma #14
INSERT INTO turno (inicioTurno, finalTurno) VALUES ('2023-02-5 16:20:00', '2023-11-20 19:19:00');
INSERT INTO turma (cnpjEscola, idTurno, sala) VALUES ("11.815.372/0001-92", 14, "Y1");

# Turma #15
INSERT INTO turno (inicioTurno, finalTurno) VALUES ('2023-02-3 15:13:00', '2023-11-13 19:26:00');
INSERT INTO turma (cnpjEscola, idTurno, sala) VALUES ("11.815.372/0001-92", 15, "Q4");

# Turma #16
INSERT INTO turno (inicioTurno, finalTurno) VALUES ('2023-02-5 18:14:00', '2023-11-18 19:24:00');
INSERT INTO turma (cnpjEscola, idTurno, sala) VALUES ("11.815.372/0001-92", 16, "L6");

# Turma #17
INSERT INTO turno (inicioTurno, finalTurno) VALUES ('2023-02-5 17:15:00', '2023-11-16 19:29:00');
INSERT INTO turma (cnpjEscola, idTurno, sala) VALUES ("11.815.372/0001-92", 17, "V2");

# Turma #18
INSERT INTO turno (inicioTurno, finalTurno) VALUES ('2023-02-4 15:27:00', '2023-11-22 19:17:00');
INSERT INTO turma (cnpjEscola, idTurno, sala) VALUES ("11.815.372/0001-92", 18, "A2");

# Turma #19
INSERT INTO turno (inicioTurno, finalTurno) VALUES ('2023-02-4 18:20:00', '2023-11-25 19:21:00');
INSERT INTO turma (cnpjEscola, idTurno, sala) VALUES ("11.815.372/0001-92", 19, "H3");

# Turma #20
INSERT INTO turno (inicioTurno, finalTurno) VALUES ('2023-02-3 15:16:00', '2023-11-18 19:18:00');
INSERT INTO turma (cnpjEscola, idTurno, sala) VALUES ("11.815.372/0001-92", 20, "L4");

# Turma #21
INSERT INTO turno (inicioTurno, finalTurno) VALUES ('2023-02-6 19:19:00', '2023-11-26 19:10:00');
INSERT INTO turma (cnpjEscola, idTurno, sala) VALUES ("11.815.372/0001-92", 21, "W6");

# Turma #22
INSERT INTO turno (inicioTurno, finalTurno) VALUES ('2023-02-3 14:22:00', '2023-11-17 19:28:00');
INSERT INTO turma (cnpjEscola, idTurno, sala) VALUES ("11.815.372/0001-92", 22, "L8");

# Turma #23
INSERT INTO turno (inicioTurno, finalTurno) VALUES ('2023-02-3 19:23:00', '2023-11-17 19:16:00');
INSERT INTO turma (cnpjEscola, idTurno, sala) VALUES ("11.815.372/0001-92", 23, "F4");

# Turma #24
INSERT INTO turno (inicioTurno, finalTurno) VALUES ('2023-02-6 16:17:00', '2023-11-21 19:30:00');
INSERT INTO turma (cnpjEscola, idTurno, sala) VALUES ("11.815.372/0001-92", 24, "O1");

# Turma #25
INSERT INTO turno (inicioTurno, finalTurno) VALUES ('2023-02-5 18:24:00', '2023-11-15 19:23:00');
INSERT INTO turma (cnpjEscola, idTurno, sala) VALUES ("11.815.372/0001-92", 25, "M1");

# Turma #26
INSERT INTO turno (inicioTurno, finalTurno) VALUES ('2023-02-4 15:11:00', '2023-11-16 19:19:00');
INSERT INTO turma (cnpjEscola, idTurno, sala) VALUES ("11.815.372/0001-92", 26, "Y3");

# Turma #27
INSERT INTO turno (inicioTurno, finalTurno) VALUES ('2023-02-5 19:29:00', '2023-11-16 19:12:00');
INSERT INTO turma (cnpjEscola, idTurno, sala) VALUES ("11.815.372/0001-92", 27, "C6");

# Turma #28
INSERT INTO turno (inicioTurno, finalTurno) VALUES ('2023-02-3 14:12:00', '2023-11-16 19:20:00');
INSERT INTO turma (cnpjEscola, idTurno, sala) VALUES ("11.815.372/0001-92", 28, "W1");

# Turma #29
INSERT INTO turno (inicioTurno, finalTurno) VALUES ('2023-02-4 16:10:00', '2023-11-17 19:29:00');
INSERT INTO turma (cnpjEscola, idTurno, sala) VALUES ("11.815.372/0001-92", 29, "M4");

# Turma #30
INSERT INTO turno (inicioTurno, finalTurno) VALUES ('2023-02-6 14:30:00', '2023-11-11 19:11:00');
INSERT INTO turma (cnpjEscola, idTurno, sala) VALUES ("11.815.372/0001-92", 30, "U2");

# Professor #1
INSERT INTO professor (cpfProfessor, nomeProfessor) VALUES ("107.351.173.30", "Daisi Zambujal");
INSERT INTO disciplina (ementaDisciplina, nomeDisciplina, cargaHorariaDisciplina) VALUES ("Descricao da materia 'arquitetura de computadores'","arquitetura de computadores", 17);
INSERT INTO disciplina_professor (matriculaProfessor, codigoDisciplina) VALUES (1, 1);
INSERT INTO escola_professor (cnpjEscola, matriculaProfessor) VALUES ("11.815.372/0001-92", 1);
INSERT INTO telefone (dddTelefone, numeroTelefone, matriculaProfessor) VALUES (81, 12576632, 1);
INSERT INTO disciplina_turma (codigoDisciplina, codigoTurma) VALUES (1, 19);
INSERT INTO disciplina_turma (codigoDisciplina, codigoTurma) VALUES (1, 24);
INSERT INTO disciplina_turma (codigoDisciplina, codigoTurma) VALUES (1, 6);
INSERT INTO disciplina_turma (codigoDisciplina, codigoTurma) VALUES (1, 4);
INSERT INTO disciplina_turma (codigoDisciplina, codigoTurma) VALUES (1, 2);

# Professor #2
INSERT INTO professor (cpfProfessor, nomeProfessor) VALUES ("105.360.326.40", "Brian Mangueira");
INSERT INTO disciplina (ementaDisciplina, nomeDisciplina, cargaHorariaDisciplina) VALUES ("Descricao da materia 'fundamentos de redes de computadores'","fundamentos de redes de computadores", 28);
INSERT INTO disciplina_professor (matriculaProfessor, codigoDisciplina) VALUES (2, 2);
INSERT INTO escola_professor (cnpjEscola, matriculaProfessor) VALUES ("11.815.372/0001-92", 2);
INSERT INTO telefone (dddTelefone, numeroTelefone, matriculaProfessor) VALUES (81, 46056901, 2);
INSERT INTO disciplina_turma (codigoDisciplina, codigoTurma) VALUES (2, 8);
INSERT INTO disciplina_turma (codigoDisciplina, codigoTurma) VALUES (2, 20);
INSERT INTO disciplina_turma (codigoDisciplina, codigoTurma) VALUES (2, 7);
INSERT INTO disciplina_turma (codigoDisciplina, codigoTurma) VALUES (2, 22);
INSERT INTO disciplina_turma (codigoDisciplina, codigoTurma) VALUES (2, 3);

# Professor #3
INSERT INTO professor (cpfProfessor, nomeProfessor) VALUES ("103.564.385.39", "Yanni Barroqueiro");
INSERT INTO disciplina (ementaDisciplina, nomeDisciplina, cargaHorariaDisciplina) VALUES ("Descricao da materia 'introdução à programação estruturada em c'","introdução à programação estruturada em c", 20);
INSERT INTO disciplina_professor (matriculaProfessor, codigoDisciplina) VALUES (3, 3);
INSERT INTO escola_professor (cnpjEscola, matriculaProfessor) VALUES ("11.815.372/0001-92", 3);
INSERT INTO telefone (dddTelefone, numeroTelefone, matriculaProfessor) VALUES (81, 27245387, 3);
INSERT INTO disciplina_turma (codigoDisciplina, codigoTurma) VALUES (3, 19);
INSERT INTO disciplina_turma (codigoDisciplina, codigoTurma) VALUES (3, 26);
INSERT INTO disciplina_turma (codigoDisciplina, codigoTurma) VALUES (3, 25);
INSERT INTO disciplina_turma (codigoDisciplina, codigoTurma) VALUES (3, 18);
INSERT INTO disciplina_turma (codigoDisciplina, codigoTurma) VALUES (3, 14);

# Professor #4
INSERT INTO professor (cpfProfessor, nomeProfessor) VALUES ("101.527.135.49", "Márcio Sítima");
INSERT INTO disciplina (ementaDisciplina, nomeDisciplina, cargaHorariaDisciplina) VALUES ("Descricao da materia 'introdução à segurança da informação'","introdução à segurança da informação", 13);
INSERT INTO disciplina_professor (matriculaProfessor, codigoDisciplina) VALUES (4, 4);
INSERT INTO escola_professor (cnpjEscola, matriculaProfessor) VALUES ("11.815.372/0001-92", 4);
INSERT INTO telefone (dddTelefone, numeroTelefone, matriculaProfessor) VALUES (81, 65197138, 4);
INSERT INTO disciplina_turma (codigoDisciplina, codigoTurma) VALUES (4, 29);
INSERT INTO disciplina_turma (codigoDisciplina, codigoTurma) VALUES (4, 5);
INSERT INTO disciplina_turma (codigoDisciplina, codigoTurma) VALUES (4, 28);
INSERT INTO disciplina_turma (codigoDisciplina, codigoTurma) VALUES (4, 13);
INSERT INTO disciplina_turma (codigoDisciplina, codigoTurma) VALUES (4, 30);

# Professor #5
INSERT INTO professor (cpfProfessor, nomeProfessor) VALUES ("113.754.231.34", "Fatima Amaro");
INSERT INTO disciplina (ementaDisciplina, nomeDisciplina, cargaHorariaDisciplina) VALUES ("Descricao da materia 'banco de dados'","banco de dados", 21);
INSERT INTO disciplina_professor (matriculaProfessor, codigoDisciplina) VALUES (5, 5);
INSERT INTO escola_professor (cnpjEscola, matriculaProfessor) VALUES ("11.815.372/0001-92", 5);
INSERT INTO telefone (dddTelefone, numeroTelefone, matriculaProfessor) VALUES (81, 98014698, 5);
INSERT INTO disciplina_turma (codigoDisciplina, codigoTurma) VALUES (5, 13);
INSERT INTO disciplina_turma (codigoDisciplina, codigoTurma) VALUES (5, 28);
INSERT INTO disciplina_turma (codigoDisciplina, codigoTurma) VALUES (5, 22);
INSERT INTO disciplina_turma (codigoDisciplina, codigoTurma) VALUES (5, 26);
INSERT INTO disciplina_turma (codigoDisciplina, codigoTurma) VALUES (5, 4);

# Professor #6
INSERT INTO professor (cpfProfessor, nomeProfessor) VALUES ("109.711.301.21", "Hareem Cortês");
INSERT INTO disciplina (ementaDisciplina, nomeDisciplina, cargaHorariaDisciplina) VALUES ("Descricao da materia 'computação em nuvem e web services em linux'","computação em nuvem e web services em linux", 15);
INSERT INTO disciplina_professor (matriculaProfessor, codigoDisciplina) VALUES (6, 6);
INSERT INTO escola_professor (cnpjEscola, matriculaProfessor) VALUES ("11.815.372/0001-92", 6);
INSERT INTO telefone (dddTelefone, numeroTelefone, matriculaProfessor) VALUES (81, 37840314, 6);
INSERT INTO disciplina_turma (codigoDisciplina, codigoTurma) VALUES (6, 2);
INSERT INTO disciplina_turma (codigoDisciplina, codigoTurma) VALUES (6, 24);
INSERT INTO disciplina_turma (codigoDisciplina, codigoTurma) VALUES (6, 13);
INSERT INTO disciplina_turma (codigoDisciplina, codigoTurma) VALUES (6, 9);
INSERT INTO disciplina_turma (codigoDisciplina, codigoTurma) VALUES (6, 29);

# Professor #7
INSERT INTO professor (cpfProfessor, nomeProfessor) VALUES ("108.152.319.30", "Samoa Semedo");
INSERT INTO disciplina (ementaDisciplina, nomeDisciplina, cargaHorariaDisciplina) VALUES ("Descricao da materia 'desenv. web em html5, css, javascript e php'","desenv. web em html5, css, javascript e php", 25);
INSERT INTO disciplina_professor (matriculaProfessor, codigoDisciplina) VALUES (7, 7);
INSERT INTO escola_professor (cnpjEscola, matriculaProfessor) VALUES ("11.815.372/0001-92", 7);
INSERT INTO telefone (dddTelefone, numeroTelefone, matriculaProfessor) VALUES (81, 30929151, 7);
INSERT INTO disciplina_turma (codigoDisciplina, codigoTurma) VALUES (7, 21);
INSERT INTO disciplina_turma (codigoDisciplina, codigoTurma) VALUES (7, 25);
INSERT INTO disciplina_turma (codigoDisciplina, codigoTurma) VALUES (7, 28);
INSERT INTO disciplina_turma (codigoDisciplina, codigoTurma) VALUES (7, 3);
INSERT INTO disciplina_turma (codigoDisciplina, codigoTurma) VALUES (7, 27);

# Professor #8
INSERT INTO professor (cpfProfessor, nomeProfessor) VALUES ("103.442.413.39", "Gelson Landim");
INSERT INTO disciplina (ementaDisciplina, nomeDisciplina, cargaHorariaDisciplina) VALUES ("Descricao da materia 'paradigmas de linguagens de programação em python'","paradigmas de linguagens de programação em python", 28);
INSERT INTO disciplina_professor (matriculaProfessor, codigoDisciplina) VALUES (8, 8);
INSERT INTO escola_professor (cnpjEscola, matriculaProfessor) VALUES ("11.815.372/0001-92", 8);
INSERT INTO telefone (dddTelefone, numeroTelefone, matriculaProfessor) VALUES (81, 26119757, 8);
INSERT INTO disciplina_turma (codigoDisciplina, codigoTurma) VALUES (8, 5);
INSERT INTO disciplina_turma (codigoDisciplina, codigoTurma) VALUES (8, 22);
INSERT INTO disciplina_turma (codigoDisciplina, codigoTurma) VALUES (8, 21);
INSERT INTO disciplina_turma (codigoDisciplina, codigoTurma) VALUES (8, 24);
INSERT INTO disciplina_turma (codigoDisciplina, codigoTurma) VALUES (8, 7);

# Professor #9
INSERT INTO professor (cpfProfessor, nomeProfessor) VALUES ("103.345.613.2", "Lucía Antas");
INSERT INTO disciplina (ementaDisciplina, nomeDisciplina, cargaHorariaDisciplina) VALUES ("Descricao da materia 'pensamento computacional'","pensamento computacional", 14);
INSERT INTO disciplina_professor (matriculaProfessor, codigoDisciplina) VALUES (9, 9);
INSERT INTO escola_professor (cnpjEscola, matriculaProfessor) VALUES ("11.815.372/0001-92", 9);
INSERT INTO telefone (dddTelefone, numeroTelefone, matriculaProfessor) VALUES (81, 71205243, 9);
INSERT INTO disciplina_turma (codigoDisciplina, codigoTurma) VALUES (9, 1);
INSERT INTO disciplina_turma (codigoDisciplina, codigoTurma) VALUES (9, 7);
INSERT INTO disciplina_turma (codigoDisciplina, codigoTurma) VALUES (9, 8);
INSERT INTO disciplina_turma (codigoDisciplina, codigoTurma) VALUES (9, 19);
INSERT INTO disciplina_turma (codigoDisciplina, codigoTurma) VALUES (9, 12);

# Professor #10
INSERT INTO professor (cpfProfessor, nomeProfessor) VALUES ("111.687.411.29", "Dora Caeiro");
INSERT INTO disciplina (ementaDisciplina, nomeDisciplina, cargaHorariaDisciplina) VALUES ("Descricao da materia 'engenharia de software'","engenharia de software", 24);
INSERT INTO disciplina_professor (matriculaProfessor, codigoDisciplina) VALUES (10, 10);
INSERT INTO escola_professor (cnpjEscola, matriculaProfessor) VALUES ("11.815.372/0001-92", 10);
INSERT INTO telefone (dddTelefone, numeroTelefone, matriculaProfessor) VALUES (81, 50165147, 10);
INSERT INTO disciplina_turma (codigoDisciplina, codigoTurma) VALUES (10, 24);
INSERT INTO disciplina_turma (codigoDisciplina, codigoTurma) VALUES (10, 17);
INSERT INTO disciplina_turma (codigoDisciplina, codigoTurma) VALUES (10, 24);
INSERT INTO disciplina_turma (codigoDisciplina, codigoTurma) VALUES (10, 9);
INSERT INTO disciplina_turma (codigoDisciplina, codigoTurma) VALUES (10, 21);

# Professor #11
INSERT INTO professor (cpfProfessor, nomeProfessor) VALUES ("102.542.151.10", "Heloisa Marcondes");
INSERT INTO disciplina (ementaDisciplina, nomeDisciplina, cargaHorariaDisciplina) VALUES ("Descricao da materia 'engenharia de usabilidade'","engenharia de usabilidade", 9);
INSERT INTO disciplina_professor (matriculaProfessor, codigoDisciplina) VALUES (11, 11);
INSERT INTO escola_professor (cnpjEscola, matriculaProfessor) VALUES ("11.815.372/0001-92", 11);
INSERT INTO telefone (dddTelefone, numeroTelefone, matriculaProfessor) VALUES (81, 98283335, 11);
INSERT INTO disciplina_turma (codigoDisciplina, codigoTurma) VALUES (11, 24);
INSERT INTO disciplina_turma (codigoDisciplina, codigoTurma) VALUES (11, 11);
INSERT INTO disciplina_turma (codigoDisciplina, codigoTurma) VALUES (11, 7);
INSERT INTO disciplina_turma (codigoDisciplina, codigoTurma) VALUES (11, 15);
INSERT INTO disciplina_turma (codigoDisciplina, codigoTurma) VALUES (11, 28);

# Professor #12
INSERT INTO professor (cpfProfessor, nomeProfessor) VALUES ("104.114.430.49", "Bento Norões");
INSERT INTO disciplina (ementaDisciplina, nomeDisciplina, cargaHorariaDisciplina) VALUES ("Descricao da materia 'estrutura de dados em c'","estrutura de dados em c", 23);
INSERT INTO disciplina_professor (matriculaProfessor, codigoDisciplina) VALUES (12, 12);
INSERT INTO escola_professor (cnpjEscola, matriculaProfessor) VALUES ("11.815.372/0001-92", 12);
INSERT INTO telefone (dddTelefone, numeroTelefone, matriculaProfessor) VALUES (81, 94102750, 12);
INSERT INTO disciplina_turma (codigoDisciplina, codigoTurma) VALUES (12, 6);
INSERT INTO disciplina_turma (codigoDisciplina, codigoTurma) VALUES (12, 28);
INSERT INTO disciplina_turma (codigoDisciplina, codigoTurma) VALUES (12, 16);
INSERT INTO disciplina_turma (codigoDisciplina, codigoTurma) VALUES (12, 2);
INSERT INTO disciplina_turma (codigoDisciplina, codigoTurma) VALUES (12, 19);

# Professor #13
INSERT INTO professor (cpfProfessor, nomeProfessor) VALUES ("107.572.781.30", "Chris Marinho");
INSERT INTO disciplina (ementaDisciplina, nomeDisciplina, cargaHorariaDisciplina) VALUES ("Descricao da materia 'gestão de serviços de ti'","gestão de serviços de ti", 2);
INSERT INTO disciplina_professor (matriculaProfessor, codigoDisciplina) VALUES (13, 13);
INSERT INTO escola_professor (cnpjEscola, matriculaProfessor) VALUES ("11.815.372/0001-92", 13);
INSERT INTO telefone (dddTelefone, numeroTelefone, matriculaProfessor) VALUES (81, 25890066, 13);
INSERT INTO disciplina_turma (codigoDisciplina, codigoTurma) VALUES (13, 9);
INSERT INTO disciplina_turma (codigoDisciplina, codigoTurma) VALUES (13, 1);
INSERT INTO disciplina_turma (codigoDisciplina, codigoTurma) VALUES (13, 14);
INSERT INTO disciplina_turma (codigoDisciplina, codigoTurma) VALUES (13, 15);
INSERT INTO disciplina_turma (codigoDisciplina, codigoTurma) VALUES (13, 19);

# Professor #14
INSERT INTO professor (cpfProfessor, nomeProfessor) VALUES ("110.247.901.20", "Éder Brochado");
INSERT INTO disciplina (ementaDisciplina, nomeDisciplina, cargaHorariaDisciplina) VALUES ("Descricao da materia 'língua portuguesa'","língua portuguesa", 23);
INSERT INTO disciplina_professor (matriculaProfessor, codigoDisciplina) VALUES (14, 14);
INSERT INTO escola_professor (cnpjEscola, matriculaProfessor) VALUES ("11.815.372/0001-92", 14);
INSERT INTO telefone (dddTelefone, numeroTelefone, matriculaProfessor) VALUES (81, 76779101, 14);
INSERT INTO disciplina_turma (codigoDisciplina, codigoTurma) VALUES (14, 11);
INSERT INTO disciplina_turma (codigoDisciplina, codigoTurma) VALUES (14, 9);
INSERT INTO disciplina_turma (codigoDisciplina, codigoTurma) VALUES (14, 14);
INSERT INTO disciplina_turma (codigoDisciplina, codigoTurma) VALUES (14, 23);
INSERT INTO disciplina_turma (codigoDisciplina, codigoTurma) VALUES (14, 28);

# Professor #15
INSERT INTO professor (cpfProfessor, nomeProfessor) VALUES ("106.775.752.12", "Dalila Barroso");
INSERT INTO disciplina (ementaDisciplina, nomeDisciplina, cargaHorariaDisciplina) VALUES ("Descricao da materia 'sistemas operacionais'","sistemas operacionais", 3);
INSERT INTO disciplina_professor (matriculaProfessor, codigoDisciplina) VALUES (15, 15);
INSERT INTO escola_professor (cnpjEscola, matriculaProfessor) VALUES ("11.815.372/0001-92", 15);
INSERT INTO telefone (dddTelefone, numeroTelefone, matriculaProfessor) VALUES (81, 42671055, 15);
INSERT INTO disciplina_turma (codigoDisciplina, codigoTurma) VALUES (15, 27);
INSERT INTO disciplina_turma (codigoDisciplina, codigoTurma) VALUES (15, 25);
INSERT INTO disciplina_turma (codigoDisciplina, codigoTurma) VALUES (15, 26);
INSERT INTO disciplina_turma (codigoDisciplina, codigoTurma) VALUES (15, 14);
INSERT INTO disciplina_turma (codigoDisciplina, codigoTurma) VALUES (15, 16);

# Professor #16
INSERT INTO professor (cpfProfessor, nomeProfessor) VALUES ("100.269.759.7", "Joelma Perdigão");
INSERT INTO disciplina (ementaDisciplina, nomeDisciplina, cargaHorariaDisciplina) VALUES ("Descricao da materia 'gerenciamento de projetos'","gerenciamento de projetos", 18);
INSERT INTO disciplina_professor (matriculaProfessor, codigoDisciplina) VALUES (16, 16);
INSERT INTO escola_professor (cnpjEscola, matriculaProfessor) VALUES ("11.815.372/0001-92", 16);
INSERT INTO telefone (dddTelefone, numeroTelefone, matriculaProfessor) VALUES (81, 69913237, 16);
INSERT INTO disciplina_turma (codigoDisciplina, codigoTurma) VALUES (16, 13);
INSERT INTO disciplina_turma (codigoDisciplina, codigoTurma) VALUES (16, 10);
INSERT INTO disciplina_turma (codigoDisciplina, codigoTurma) VALUES (16, 6);
INSERT INTO disciplina_turma (codigoDisciplina, codigoTurma) VALUES (16, 19);
INSERT INTO disciplina_turma (codigoDisciplina, codigoTurma) VALUES (16, 12);

# Professor #17
INSERT INTO professor (cpfProfessor, nomeProfessor) VALUES ("100.599.482.12", "Aryan Leão");
INSERT INTO disciplina (ementaDisciplina, nomeDisciplina, cargaHorariaDisciplina) VALUES ("Descricao da materia 'governança de ti com itil'","governança de ti com itil", 14);
INSERT INTO disciplina_professor (matriculaProfessor, codigoDisciplina) VALUES (17, 17);
INSERT INTO escola_professor (cnpjEscola, matriculaProfessor) VALUES ("11.815.372/0001-92", 17);
INSERT INTO telefone (dddTelefone, numeroTelefone, matriculaProfessor) VALUES (81, 11879219, 17);
INSERT INTO disciplina_turma (codigoDisciplina, codigoTurma) VALUES (17, 14);
INSERT INTO disciplina_turma (codigoDisciplina, codigoTurma) VALUES (17, 21);
INSERT INTO disciplina_turma (codigoDisciplina, codigoTurma) VALUES (17, 12);
INSERT INTO disciplina_turma (codigoDisciplina, codigoTurma) VALUES (17, 14);
INSERT INTO disciplina_turma (codigoDisciplina, codigoTurma) VALUES (17, 18);

# Professor #18
INSERT INTO professor (cpfProfessor, nomeProfessor) VALUES ("104.481.698.45", "Cédric Tabosa");
INSERT INTO disciplina (ementaDisciplina, nomeDisciplina, cargaHorariaDisciplina) VALUES ("Descricao da materia 'matemática e lógica'","matemática e lógica", 2);
INSERT INTO disciplina_professor (matriculaProfessor, codigoDisciplina) VALUES (18, 18);
INSERT INTO escola_professor (cnpjEscola, matriculaProfessor) VALUES ("11.815.372/0001-92", 18);
INSERT INTO telefone (dddTelefone, numeroTelefone, matriculaProfessor) VALUES (81, 68380103, 18);
INSERT INTO disciplina_turma (codigoDisciplina, codigoTurma) VALUES (18, 14);
INSERT INTO disciplina_turma (codigoDisciplina, codigoTurma) VALUES (18, 14);
INSERT INTO disciplina_turma (codigoDisciplina, codigoTurma) VALUES (18, 2);
INSERT INTO disciplina_turma (codigoDisciplina, codigoTurma) VALUES (18, 21);
INSERT INTO disciplina_turma (codigoDisciplina, codigoTurma) VALUES (18, 18);

# Professor #19
INSERT INTO professor (cpfProfessor, nomeProfessor) VALUES ("105.130.634.40", "Apolo Feijó");
INSERT INTO disciplina (ementaDisciplina, nomeDisciplina, cargaHorariaDisciplina) VALUES ("Descricao da materia 'modelagem de sistemas em uml'","modelagem de sistemas em uml", 18);
INSERT INTO disciplina_professor (matriculaProfessor, codigoDisciplina) VALUES (19, 19);
INSERT INTO escola_professor (cnpjEscola, matriculaProfessor) VALUES ("11.815.372/0001-92", 19);
INSERT INTO telefone (dddTelefone, numeroTelefone, matriculaProfessor) VALUES (81, 72637882, 19);
INSERT INTO disciplina_turma (codigoDisciplina, codigoTurma) VALUES (19, 2);
INSERT INTO disciplina_turma (codigoDisciplina, codigoTurma) VALUES (19, 20);
INSERT INTO disciplina_turma (codigoDisciplina, codigoTurma) VALUES (19, 12);
INSERT INTO disciplina_turma (codigoDisciplina, codigoTurma) VALUES (19, 28);
INSERT INTO disciplina_turma (codigoDisciplina, codigoTurma) VALUES (19, 7);

# Professor #20
INSERT INTO professor (cpfProfessor, nomeProfessor) VALUES ("106.162.427.27", "Gil Dantas");
INSERT INTO disciplina (ementaDisciplina, nomeDisciplina, cargaHorariaDisciplina) VALUES ("Descricao da materia 'métodos quantitativos'","métodos quantitativos", 16);
INSERT INTO disciplina_professor (matriculaProfessor, codigoDisciplina) VALUES (20, 20);
INSERT INTO escola_professor (cnpjEscola, matriculaProfessor) VALUES ("11.815.372/0001-92", 20);
INSERT INTO telefone (dddTelefone, numeroTelefone, matriculaProfessor) VALUES (81, 39925226, 20);
INSERT INTO disciplina_turma (codigoDisciplina, codigoTurma) VALUES (20, 1);
INSERT INTO disciplina_turma (codigoDisciplina, codigoTurma) VALUES (20, 28);
INSERT INTO disciplina_turma (codigoDisciplina, codigoTurma) VALUES (20, 30);
INSERT INTO disciplina_turma (codigoDisciplina, codigoTurma) VALUES (20, 27);
INSERT INTO disciplina_turma (codigoDisciplina, codigoTurma) VALUES (20, 21);

# Professor #21
INSERT INTO professor (cpfProfessor, nomeProfessor) VALUES ("107.278.811.43", "Hafsa Picão");
INSERT INTO disciplina (ementaDisciplina, nomeDisciplina, cargaHorariaDisciplina) VALUES ("Descricao da materia 'análise de dados'","análise de dados", 26);
INSERT INTO disciplina_professor (matriculaProfessor, codigoDisciplina) VALUES (21, 21);
INSERT INTO escola_professor (cnpjEscola, matriculaProfessor) VALUES ("11.815.372/0001-92", 21);
INSERT INTO telefone (dddTelefone, numeroTelefone, matriculaProfessor) VALUES (81, 27489322, 21);
INSERT INTO disciplina_turma (codigoDisciplina, codigoTurma) VALUES (21, 20);
INSERT INTO disciplina_turma (codigoDisciplina, codigoTurma) VALUES (21, 28);
INSERT INTO disciplina_turma (codigoDisciplina, codigoTurma) VALUES (21, 10);
INSERT INTO disciplina_turma (codigoDisciplina, codigoTurma) VALUES (21, 29);
INSERT INTO disciplina_turma (codigoDisciplina, codigoTurma) VALUES (21, 21);

# Professor #22
INSERT INTO professor (cpfProfessor, nomeProfessor) VALUES ("102.599.125.9", "Vladislav Santana");
INSERT INTO disciplina (ementaDisciplina, nomeDisciplina, cargaHorariaDisciplina) VALUES ("Descricao da materia 'gestão de infraestrutura de datacenter'","gestão de infraestrutura de datacenter", 12);
INSERT INTO disciplina_professor (matriculaProfessor, codigoDisciplina) VALUES (22, 22);
INSERT INTO escola_professor (cnpjEscola, matriculaProfessor) VALUES ("11.815.372/0001-92", 22);
INSERT INTO telefone (dddTelefone, numeroTelefone, matriculaProfessor) VALUES (81, 79675921, 22);
INSERT INTO disciplina_turma (codigoDisciplina, codigoTurma) VALUES (22, 22);
INSERT INTO disciplina_turma (codigoDisciplina, codigoTurma) VALUES (22, 6);
INSERT INTO disciplina_turma (codigoDisciplina, codigoTurma) VALUES (22, 25);
INSERT INTO disciplina_turma (codigoDisciplina, codigoTurma) VALUES (22, 4);
INSERT INTO disciplina_turma (codigoDisciplina, codigoTurma) VALUES (22, 1);

# Professor #23
INSERT INTO professor (cpfProfessor, nomeProfessor) VALUES ("112.313.510.1", "Evelyn Soeiro");
INSERT INTO disciplina (ementaDisciplina, nomeDisciplina, cargaHorariaDisciplina) VALUES ("Descricao da materia 'modelagem de processos'","modelagem de processos", 18);
INSERT INTO disciplina_professor (matriculaProfessor, codigoDisciplina) VALUES (23, 23);
INSERT INTO escola_professor (cnpjEscola, matriculaProfessor) VALUES ("11.815.372/0001-92", 23);
INSERT INTO telefone (dddTelefone, numeroTelefone, matriculaProfessor) VALUES (81, 88846174, 23);
INSERT INTO disciplina_turma (codigoDisciplina, codigoTurma) VALUES (23, 21);
INSERT INTO disciplina_turma (codigoDisciplina, codigoTurma) VALUES (23, 11);
INSERT INTO disciplina_turma (codigoDisciplina, codigoTurma) VALUES (23, 6);
INSERT INTO disciplina_turma (codigoDisciplina, codigoTurma) VALUES (23, 6);
INSERT INTO disciplina_turma (codigoDisciplina, codigoTurma) VALUES (23, 6);

# Professor #24
INSERT INTO professor (cpfProfessor, nomeProfessor) VALUES ("100.552.830.27", "Andreea Keil");
INSERT INTO disciplina (ementaDisciplina, nomeDisciplina, cargaHorariaDisciplina) VALUES ("Descricao da materia 'segurança cibernética'","segurança cibernética", 3);
INSERT INTO disciplina_professor (matriculaProfessor, codigoDisciplina) VALUES (24, 24);
INSERT INTO escola_professor (cnpjEscola, matriculaProfessor) VALUES ("11.815.372/0001-92", 24);
INSERT INTO telefone (dddTelefone, numeroTelefone, matriculaProfessor) VALUES (81, 72688686, 24);
INSERT INTO disciplina_turma (codigoDisciplina, codigoTurma) VALUES (24, 11);
INSERT INTO disciplina_turma (codigoDisciplina, codigoTurma) VALUES (24, 6);
INSERT INTO disciplina_turma (codigoDisciplina, codigoTurma) VALUES (24, 20);
INSERT INTO disciplina_turma (codigoDisciplina, codigoTurma) VALUES (24, 13);
INSERT INTO disciplina_turma (codigoDisciplina, codigoTurma) VALUES (24, 28);

# Professor #25
INSERT INTO professor (cpfProfessor, nomeProfessor) VALUES ("109.445.948.7", "Nilo Guedes");
INSERT INTO disciplina (ementaDisciplina, nomeDisciplina, cargaHorariaDisciplina) VALUES ("Descricao da materia 'sistemas distribuídos e computação paralela'","sistemas distribuídos e computação paralela", 11);
INSERT INTO disciplina_professor (matriculaProfessor, codigoDisciplina) VALUES (25, 25);
INSERT INTO escola_professor (cnpjEscola, matriculaProfessor) VALUES ("11.815.372/0001-92", 25);
INSERT INTO telefone (dddTelefone, numeroTelefone, matriculaProfessor) VALUES (81, 30701390, 25);
INSERT INTO disciplina_turma (codigoDisciplina, codigoTurma) VALUES (25, 23);
INSERT INTO disciplina_turma (codigoDisciplina, codigoTurma) VALUES (25, 26);
INSERT INTO disciplina_turma (codigoDisciplina, codigoTurma) VALUES (25, 22);
INSERT INTO disciplina_turma (codigoDisciplina, codigoTurma) VALUES (25, 30);
INSERT INTO disciplina_turma (codigoDisciplina, codigoTurma) VALUES (25, 14);

# Professor #26
INSERT INTO professor (cpfProfessor, nomeProfessor) VALUES ("105.752.225.34", "Assunção Souto Maior");
INSERT INTO disciplina (ementaDisciplina, nomeDisciplina, cargaHorariaDisciplina) VALUES ("Descricao da materia 'algoritmos e complexidade'","algoritmos e complexidade", 30);
INSERT INTO disciplina_professor (matriculaProfessor, codigoDisciplina) VALUES (26, 26);
INSERT INTO escola_professor (cnpjEscola, matriculaProfessor) VALUES ("11.815.372/0001-92", 26);
INSERT INTO telefone (dddTelefone, numeroTelefone, matriculaProfessor) VALUES (81, 55053016, 26);
INSERT INTO disciplina_turma (codigoDisciplina, codigoTurma) VALUES (26, 1);
INSERT INTO disciplina_turma (codigoDisciplina, codigoTurma) VALUES (26, 20);
INSERT INTO disciplina_turma (codigoDisciplina, codigoTurma) VALUES (26, 23);
INSERT INTO disciplina_turma (codigoDisciplina, codigoTurma) VALUES (26, 3);
INSERT INTO disciplina_turma (codigoDisciplina, codigoTurma) VALUES (26, 4);

# Professor #27
INSERT INTO professor (cpfProfessor, nomeProfessor) VALUES ("110.489.699.39", "Anita Moutinho");
INSERT INTO disciplina (ementaDisciplina, nomeDisciplina, cargaHorariaDisciplina) VALUES ("Descricao da materia 'implantação de governança com cobit'","implantação de governança com cobit", 21);
INSERT INTO disciplina_professor (matriculaProfessor, codigoDisciplina) VALUES (27, 27);
INSERT INTO escola_professor (cnpjEscola, matriculaProfessor) VALUES ("11.815.372/0001-92", 27);
INSERT INTO telefone (dddTelefone, numeroTelefone, matriculaProfessor) VALUES (81, 42667650, 27);
INSERT INTO disciplina_turma (codigoDisciplina, codigoTurma) VALUES (27, 1);
INSERT INTO disciplina_turma (codigoDisciplina, codigoTurma) VALUES (27, 17);
INSERT INTO disciplina_turma (codigoDisciplina, codigoTurma) VALUES (27, 5);
INSERT INTO disciplina_turma (codigoDisciplina, codigoTurma) VALUES (27, 15);
INSERT INTO disciplina_turma (codigoDisciplina, codigoTurma) VALUES (27, 3);

# Professor #28
INSERT INTO professor (cpfProfessor, nomeProfessor) VALUES ("102.618.742.36", "Maribel Reino");
INSERT INTO disciplina (ementaDisciplina, nomeDisciplina, cargaHorariaDisciplina) VALUES ("Descricao da materia 'inteligência artificial'","inteligência artificial", 15);
INSERT INTO disciplina_professor (matriculaProfessor, codigoDisciplina) VALUES (28, 28);
INSERT INTO escola_professor (cnpjEscola, matriculaProfessor) VALUES ("11.815.372/0001-92", 28);
INSERT INTO telefone (dddTelefone, numeroTelefone, matriculaProfessor) VALUES (81, 27096205, 28);
INSERT INTO disciplina_turma (codigoDisciplina, codigoTurma) VALUES (28, 5);
INSERT INTO disciplina_turma (codigoDisciplina, codigoTurma) VALUES (28, 21);
INSERT INTO disciplina_turma (codigoDisciplina, codigoTurma) VALUES (28, 17);
INSERT INTO disciplina_turma (codigoDisciplina, codigoTurma) VALUES (28, 25);
INSERT INTO disciplina_turma (codigoDisciplina, codigoTurma) VALUES (28, 17);

# Professor #29
INSERT INTO professor (cpfProfessor, nomeProfessor) VALUES ("110.222.470.22", "Jasmine Figueira");
INSERT INTO disciplina (ementaDisciplina, nomeDisciplina, cargaHorariaDisciplina) VALUES ("Descricao da materia 'programação orientada a objetos em java'","programação orientada a objetos em java", 3);
INSERT INTO disciplina_professor (matriculaProfessor, codigoDisciplina) VALUES (29, 29);
INSERT INTO escola_professor (cnpjEscola, matriculaProfessor) VALUES ("11.815.372/0001-92", 29);
INSERT INTO telefone (dddTelefone, numeroTelefone, matriculaProfessor) VALUES (81, 81035234, 29);
INSERT INTO disciplina_turma (codigoDisciplina, codigoTurma) VALUES (29, 28);
INSERT INTO disciplina_turma (codigoDisciplina, codigoTurma) VALUES (29, 1);
INSERT INTO disciplina_turma (codigoDisciplina, codigoTurma) VALUES (29, 19);
INSERT INTO disciplina_turma (codigoDisciplina, codigoTurma) VALUES (29, 11);
INSERT INTO disciplina_turma (codigoDisciplina, codigoTurma) VALUES (29, 15);

# Professor #30
INSERT INTO professor (cpfProfessor, nomeProfessor) VALUES ("108.363.187.35", "Louise Matos");
INSERT INTO disciplina (ementaDisciplina, nomeDisciplina, cargaHorariaDisciplina) VALUES ("Descricao da materia 'direito cibernético'","direito cibernético", 19);
INSERT INTO disciplina_professor (matriculaProfessor, codigoDisciplina) VALUES (30, 30);
INSERT INTO escola_professor (cnpjEscola, matriculaProfessor) VALUES ("11.815.372/0001-92", 30);
INSERT INTO telefone (dddTelefone, numeroTelefone, matriculaProfessor) VALUES (81, 34502508, 30);
INSERT INTO disciplina_turma (codigoDisciplina, codigoTurma) VALUES (30, 15);
INSERT INTO disciplina_turma (codigoDisciplina, codigoTurma) VALUES (30, 29);
INSERT INTO disciplina_turma (codigoDisciplina, codigoTurma) VALUES (30, 4);
INSERT INTO disciplina_turma (codigoDisciplina, codigoTurma) VALUES (30, 26);
INSERT INTO disciplina_turma (codigoDisciplina, codigoTurma) VALUES (30, 19);

# Aluno #1
INSERT INTO endereco (estado, cidade, bairro, rua, numero) VALUES ("PE", "Recife", "Ipsep", "Rua Alvorada", "212");
INSERT INTO aluno (idEndereco, cnpjEscola, codigoTurma, nomeAluno) VALUES (2, "11.815.372/0001-92", 3, "Jefferson Aguiar");
INSERT INTO telefone (dddTelefone, numeroTelefone, matriculaAluno) VALUES (81, 10087846, 1);
# Aluno #2
INSERT INTO endereco (estado, cidade, bairro, rua, numero) VALUES ("PE", "Recife", "Imbiribeira", "Avenida Luxemburgo", "90");
INSERT INTO aluno (idEndereco, cnpjEscola, codigoTurma, nomeAluno) VALUES (3, "11.815.372/0001-92", 2, "Eliana Carregueiro");
INSERT INTO telefone (dddTelefone, numeroTelefone, matriculaAluno) VALUES (81, 98906557, 2);
# Aluno #3
INSERT INTO endereco (estado, cidade, bairro, rua, numero) VALUES ("PE", "Recife", "Poço", "Rua Oliveira Góes", "232");
INSERT INTO aluno (idEndereco, cnpjEscola, codigoTurma, nomeAluno) VALUES (4, "11.815.372/0001-92", 3, "Antoine Carreiro");
INSERT INTO telefone (dddTelefone, numeroTelefone, matriculaAluno) VALUES (81, 61467044, 3);
# Aluno #4
INSERT INTO endereco (estado, cidade, bairro, rua, numero) VALUES ("PE", "Recife", "Linha do Tiro", "Rua Frei Jorge", "73");
INSERT INTO aluno (idEndereco, cnpjEscola, codigoTurma, nomeAluno) VALUES (5, "11.815.372/0001-92", 2, "Íris Trindade");
INSERT INTO telefone (dddTelefone, numeroTelefone, matriculaAluno) VALUES (81, 89944883, 4);
# Aluno #5
INSERT INTO endereco (estado, cidade, bairro, rua, numero) VALUES ("PE", "Recife", "Areias", "Rua Calumbi", "129");
INSERT INTO aluno (idEndereco, cnpjEscola, codigoTurma, nomeAluno) VALUES (6, "11.815.372/0001-92", 1, "Liedson Santarém");
INSERT INTO telefone (dddTelefone, numeroTelefone, matriculaAluno) VALUES (81, 64579716, 5);
# Aluno #6
INSERT INTO endereco (estado, cidade, bairro, rua, numero) VALUES ("PE", "Recife", "Várzea", "Rua Diógenes Sampaio", "76");
INSERT INTO aluno (idEndereco, cnpjEscola, codigoTurma, nomeAluno) VALUES (7, "11.815.372/0001-92", 2, "Antero Padilha");
INSERT INTO telefone (dddTelefone, numeroTelefone, matriculaAluno) VALUES (81, 84504211, 6);
# Aluno #7
INSERT INTO endereco (estado, cidade, bairro, rua, numero) VALUES ("PE", "Recife", "Recife", "Praça Tiradentes", "146");
INSERT INTO aluno (idEndereco, cnpjEscola, codigoTurma, nomeAluno) VALUES (8, "11.815.372/0001-92", 3, "Elisabete Teodoro");
INSERT INTO telefone (dddTelefone, numeroTelefone, matriculaAluno) VALUES (81, 89655773, 7);
# Aluno #8
INSERT INTO endereco (estado, cidade, bairro, rua, numero) VALUES ("PE", "Recife", "Poço", "Estrada Real do Poço", "41");
INSERT INTO aluno (idEndereco, cnpjEscola, codigoTurma, nomeAluno) VALUES (9, "11.815.372/0001-92", 3, "Martim Amarante");
INSERT INTO telefone (dddTelefone, numeroTelefone, matriculaAluno) VALUES (81, 85602899, 8);
# Aluno #9
INSERT INTO endereco (estado, cidade, bairro, rua, numero) VALUES ("PE", "Recife", "Pina", "Rua Antônio Cavalcanti de Araújo", "131");
INSERT INTO aluno (idEndereco, cnpjEscola, codigoTurma, nomeAluno) VALUES (10, "11.815.372/0001-92", 3, "Gaia da Costa");
INSERT INTO telefone (dddTelefone, numeroTelefone, matriculaAluno) VALUES (81, 21249754, 9);
# Aluno #10
INSERT INTO endereco (estado, cidade, bairro, rua, numero) VALUES ("PE", "Recife", "Caçote", "Rua Guaraci", "49");
INSERT INTO aluno (idEndereco, cnpjEscola, codigoTurma, nomeAluno) VALUES (11, "11.815.372/0001-92", 1, "Amadeu Souto");
INSERT INTO telefone (dddTelefone, numeroTelefone, matriculaAluno) VALUES (81, 12812969, 10);
# Aluno #11
INSERT INTO endereco (estado, cidade, bairro, rua, numero) VALUES ("PE", "Recife", "Ibura", "Rua Nova Veneza", "60");
INSERT INTO aluno (idEndereco, cnpjEscola, codigoTurma, nomeAluno) VALUES (12, "11.815.372/0001-92", 3, "Liara Canejo");
INSERT INTO telefone (dddTelefone, numeroTelefone, matriculaAluno) VALUES (81, 42041476, 11);
# Aluno #12
INSERT INTO endereco (estado, cidade, bairro, rua, numero) VALUES ("PE", "Recife", "Dois Unidos", "Rua Córrego São José", "218");
INSERT INTO aluno (idEndereco, cnpjEscola, codigoTurma, nomeAluno) VALUES (13, "11.815.372/0001-92", 2, "Soraya Faia");
INSERT INTO telefone (dddTelefone, numeroTelefone, matriculaAluno) VALUES (81, 50356564, 12);
# Aluno #13
INSERT INTO endereco (estado, cidade, bairro, rua, numero) VALUES ("PE", "Recife", "Nova Descoberta", "Rua Iraporé", "13");
INSERT INTO aluno (idEndereco, cnpjEscola, codigoTurma, nomeAluno) VALUES (14, "11.815.372/0001-92", 3, "Johnny Sacadura");
INSERT INTO telefone (dddTelefone, numeroTelefone, matriculaAluno) VALUES (81, 71094190, 13);
# Aluno #14
INSERT INTO endereco (estado, cidade, bairro, rua, numero) VALUES ("PE", "Recife", "COHAB", "Rua Poeta Mauro Mota", "34");
INSERT INTO aluno (idEndereco, cnpjEscola, codigoTurma, nomeAluno) VALUES (15, "11.815.372/0001-92", 2, "Richard Capucho");
INSERT INTO telefone (dddTelefone, numeroTelefone, matriculaAluno) VALUES (81, 45573404, 14);
# Aluno #15
INSERT INTO endereco (estado, cidade, bairro, rua, numero) VALUES ("PE", "Recife", "Vasco da Gama", "Rua Emburana", "116");
INSERT INTO aluno (idEndereco, cnpjEscola, codigoTurma, nomeAluno) VALUES (16, "11.815.372/0001-92", 2, "Fabiana Pêcego");
INSERT INTO telefone (dddTelefone, numeroTelefone, matriculaAluno) VALUES (81, 75192578, 15);
# Aluno #16
INSERT INTO endereco (estado, cidade, bairro, rua, numero) VALUES ("PE", "Recife", "Curado", "Rua Doutor George William Butler", "227");
INSERT INTO aluno (idEndereco, cnpjEscola, codigoTurma, nomeAluno) VALUES (17, "11.815.372/0001-92", 3, "Elizabet Dantas");
INSERT INTO telefone (dddTelefone, numeroTelefone, matriculaAluno) VALUES (81, 14007862, 16);
# Aluno #17
INSERT INTO endereco (estado, cidade, bairro, rua, numero) VALUES ("PE", "Recife", "Imbiribeira", "Rua Água Boa", "212");
INSERT INTO aluno (idEndereco, cnpjEscola, codigoTurma, nomeAluno) VALUES (18, "11.815.372/0001-92", 3, "Noé Reino");
INSERT INTO telefone (dddTelefone, numeroTelefone, matriculaAluno) VALUES (81, 57264548, 17);
# Aluno #18
INSERT INTO endereco (estado, cidade, bairro, rua, numero) VALUES ("PE", "Recife", "Campina do Barreto", "Rua Gerinaldo Alves", "71");
INSERT INTO aluno (idEndereco, cnpjEscola, codigoTurma, nomeAluno) VALUES (19, "11.815.372/0001-92", 2, "KellY Quintas");
INSERT INTO telefone (dddTelefone, numeroTelefone, matriculaAluno) VALUES (81, 14618597, 18);
# Aluno #19
INSERT INTO endereco (estado, cidade, bairro, rua, numero) VALUES ("PE", "Recife", "Torrões", "Rua Januário", "242");
INSERT INTO aluno (idEndereco, cnpjEscola, codigoTurma, nomeAluno) VALUES (20, "11.815.372/0001-92", 2, "Angelo Campelo");
INSERT INTO telefone (dddTelefone, numeroTelefone, matriculaAluno) VALUES (81, 66932869, 19);
# Aluno #20
INSERT INTO endereco (estado, cidade, bairro, rua, numero) VALUES ("PE", "Recife", "Boa Viagem", "Rua Doutor Telmo Pontual", "129");
INSERT INTO aluno (idEndereco, cnpjEscola, codigoTurma, nomeAluno) VALUES (21, "11.815.372/0001-92", 1, "Milene Atilano");
INSERT INTO telefone (dddTelefone, numeroTelefone, matriculaAluno) VALUES (81, 87741631, 20);
# Aluno #21
INSERT INTO endereco (estado, cidade, bairro, rua, numero) VALUES ("PE", "Recife", "Alto José Bonifácio", "Rua Tobati", "238");
INSERT INTO aluno (idEndereco, cnpjEscola, codigoTurma, nomeAluno) VALUES (22, "11.815.372/0001-92", 1, "Giovanni Maranhão");
INSERT INTO telefone (dddTelefone, numeroTelefone, matriculaAluno) VALUES (81, 33155230, 21);
# Aluno #22
INSERT INTO endereco (estado, cidade, bairro, rua, numero) VALUES ("PE", "Recife", "Peixinhos", "Rua Carapó (Chão de Estrela)", "221");
INSERT INTO aluno (idEndereco, cnpjEscola, codigoTurma, nomeAluno) VALUES (23, "11.815.372/0001-92", 3, "Sérgio Lalanda");
INSERT INTO telefone (dddTelefone, numeroTelefone, matriculaAluno) VALUES (81, 31305197, 22);
# Aluno #23
INSERT INTO endereco (estado, cidade, bairro, rua, numero) VALUES ("PE", "Recife", "Córrego do Jenipapo", "Rua Lajedinho", "196");
INSERT INTO aluno (idEndereco, cnpjEscola, codigoTurma, nomeAluno) VALUES (24, "11.815.372/0001-92", 2, "Layra Fonseca");
INSERT INTO telefone (dddTelefone, numeroTelefone, matriculaAluno) VALUES (81, 19704785, 23);
# Aluno #24
INSERT INTO endereco (estado, cidade, bairro, rua, numero) VALUES ("PE", "Recife", "Imbiribeira", "1ª Travessa Itália", "228");
INSERT INTO aluno (idEndereco, cnpjEscola, codigoTurma, nomeAluno) VALUES (25, "11.815.372/0001-92", 1, "Júlio Pastana");
INSERT INTO telefone (dddTelefone, numeroTelefone, matriculaAluno) VALUES (81, 67816260, 24);
# Aluno #25
INSERT INTO endereco (estado, cidade, bairro, rua, numero) VALUES ("PE", "Recife", "Santo Amaro", "Rua Silves", "127");
INSERT INTO aluno (idEndereco, cnpjEscola, codigoTurma, nomeAluno) VALUES (26, "11.815.372/0001-92", 1, "Vitória Onofre");
INSERT INTO telefone (dddTelefone, numeroTelefone, matriculaAluno) VALUES (81, 66524375, 25);
# Aluno #26
INSERT INTO endereco (estado, cidade, bairro, rua, numero) VALUES ("PE", "Recife", "Imbiribeira", "Rua Itamaracá", "68");
INSERT INTO aluno (idEndereco, cnpjEscola, codigoTurma, nomeAluno) VALUES (27, "11.815.372/0001-92", 3, "Francisca Valgueiro");
INSERT INTO telefone (dddTelefone, numeroTelefone, matriculaAluno) VALUES (81, 44412999, 26);
# Aluno #27
INSERT INTO endereco (estado, cidade, bairro, rua, numero) VALUES ("PE", "Recife", "Alto José Bonifácio", "Rua Nóbrega", "127");
INSERT INTO aluno (idEndereco, cnpjEscola, codigoTurma, nomeAluno) VALUES (28, "11.815.372/0001-92", 1, "Fabiano Graça");
INSERT INTO telefone (dddTelefone, numeroTelefone, matriculaAluno) VALUES (81, 45946014, 27);
# Aluno #28
INSERT INTO endereco (estado, cidade, bairro, rua, numero) VALUES ("PE", "Recife", "Casa Amarela", "Rua Conselheiro Ribas", "111");
INSERT INTO aluno (idEndereco, cnpjEscola, codigoTurma, nomeAluno) VALUES (29, "11.815.372/0001-92", 3, "Lian Macieira");
INSERT INTO telefone (dddTelefone, numeroTelefone, matriculaAluno) VALUES (81, 19147093, 28);
# Aluno #29
INSERT INTO endereco (estado, cidade, bairro, rua, numero) VALUES ("PE", "Recife", "Torre", "Rua Zilda S. de Santana", "174");
INSERT INTO aluno (idEndereco, cnpjEscola, codigoTurma, nomeAluno) VALUES (30, "11.815.372/0001-92", 3, "Kael Coelho");
INSERT INTO telefone (dddTelefone, numeroTelefone, matriculaAluno) VALUES (81, 80696077, 29);
# Aluno #30
INSERT INTO endereco (estado, cidade, bairro, rua, numero) VALUES ("PE", "Recife", "COHAB", "Rua Porto Moz", "121");
INSERT INTO aluno (idEndereco, cnpjEscola, codigoTurma, nomeAluno) VALUES (31, "11.815.372/0001-92", 2, "Laurindo Costa");
INSERT INTO telefone (dddTelefone, numeroTelefone, matriculaAluno) VALUES (81, 88305085, 30);
